[1.01] 不,不,"bù, bu",对不起、不客气、不、不少,不错,不但……而且……,不仅、差不多、不同、不管、不得不、来不及、不过、受不了
[1.01] 们,们,men,你们、我们,,,咱们
[1.01] 你,你,nǐ,你、你们,,,
[1.01] 关,关,guān,没关系,,关、关系、关于、关心,有关、关键、关注
[1.01] 好,好,"hǎo, hào",好、好吃,,爱好,最好、好像、正好、好处、只好、友好、美好
[1.01] 对,对,duì,对不起,对,,反对、面对、对于、对话、对面
[1.01] 您,您,nín,您,,,
[1.01] 没,没,méi,没关系、没有、没,,,
[1.01] 系,系,"xì, xi",没关系,,关系,联系
[1.01] 起,起,qǐ,对不起、一起,起床,起飞、起来,引起
[1.02] 再,再,zài,再见,再,,
[1.02] 客,客,kè,不客气,,客人,顾客、做客、客厅
[1.02] 气,气,"qì, qi",不客气、天气,,生气,脾气、空气、气候、力气、气温
[1.02] 见,见,jiàn,再见、看见,,见面,意见
[1.02] 谢,谢,"xiè, xie",谢谢、谢朋,,,感谢
[1.03] 中,中,zhōng,中国、中午,,中间、中文、中介、中秋节,其中
[1.03] 么,么,me,什么、怎么、怎么样,为什么,怎么办、多么,
[1.03] 人,人,"rén, ren",人,,客人、别人、人名,美人鱼
[1.03] 什,什,shén,什么,为什么,,
[1.03] 叫,叫,jiào,叫,,,
[1.03] 名,名,míng,名字,,有名、人名,著名、报名
[1.03] 吗,吗,ma,吗,,,
[1.03] 国,国,guó,美国、中国、国,,国家,国际、国籍
[1.03] 字,字,"zì, zi",名字、字、汉字,,,数字
[1.03] 学,学,xué,学生、同学、学校、学习、学、大学,,数学、留学,科学、学期
[1.03] 师,师,shī,老师,,,律师、师傅
[1.03] 我,我,wǒ,我、我们,,,
[1.03] 是,是,"shì, shi",是,但是,还是、总是,要是、可是、于是、是否
[1.03] 月,月,yuè,李月、月,,月亮,孙月
[1.03] 李,李,li,李月,,李小美、李静、行李箱,李、李进
[1.03] 生,生,"shēng, sheng",学生、医生、先生,生病、生日,生气、生活,生意、发生、生命、爱迪生、卫生间、出生
[1.03] 美,美,měi,美国,,李小美,美、美丽、美好、美人鱼
[1.03] 老,老,lǎo,老师,,老,老虎
[1.04] 他,他,tā,他,,其他,
[1.04] 友,友,"you, yǒu",朋友,,,友谊、小朋友、友好
[1.04] 同,同,tóng,同学,,同事、同意,共同、不同、同时、相同、同样、同情
[1.04] 呢,呢,ne,呢,,,
[1.04] 哪,哪,nǎ,哪、哪儿,,哪里,
[1.04] 她,她,tā,她,,,
[1.04] 朋,朋,péng,朋友、谢朋,,,小朋友
[1.04] 汉,汉,hàn,汉语、汉字,,,
[1.04] 的,的,"de, dì",的,,,目的
[1.04] 语,语,yǔ,汉语,,词语,语法、语言
[1.04] 谁,谁,shuí,谁,,,
[1.05] 一,一,yī,一、一点儿、一起,一下、第一、一直,一会儿、一定、一样、一般、一边、一共、一般来说,一切、六一儿童节
[1.05] 七,七,qī,七,,,
[1.05] 三,三,sān,三,,,
[1.05] 九,九,jiǔ,九,,,
[1.05] 了,了,"le, liǎo",了、太……了,,了解、除了、极(了)、为了,极了、受不了
[1.05] 二,二,èr,二,,,
[1.05] 五,五,wǔ,五,,,
[1.05] 今,今,jīn,今年、今天,,,
[1.05] 儿,儿,"r, ér",女儿、儿子、哪儿、那儿、这儿、一点儿,玩儿,女孩儿、有点儿、聊天(儿)、一会儿,空儿、儿童、六一儿童节
[1.05] 八,八,bā,八,,,
[1.05] 六,六,liù,六,,,六一儿童节
[1.05] 几,几,"jǐ, jī",几,,几乎,
[1.05] 十,十,shí,十,,,十分
[1.05] 口,口,kǒu,口,路口,,入口
[1.05] 四,四,sì,四,,,
[1.05] 多,多,duō,多、多少,,多么,差不多、许多
[1.05] 大,大,"dà, dài",大、大卫、大学,大家,大山,大夫、大使馆、大概、大约、长江大桥
[1.05] 女,女,nǚ,女儿,女,女孩儿,女性
[1.05] 家,家,jiā,家,大家,国家,家具、作家
[1.05] 岁,岁,suì,岁,,,
[1.05] 年,年,nián,今年、年,去年、新年,年级、年轻,年龄
[1.05] 有,有,yǒu,有、没有,有意思,有点儿、有名、只有……オ……,所有、有关、有效、有限、有趣
[1.06] 会,会,huì,会,,音乐会、一会儿、会议、机会,聚会、约会、会员卡、误会、社会
[1.06] 做,做,zuò,做,,,做客
[1.06] 写,写,xiě,写,,,
[1.06] 吃,吃,chī,好吃、吃、吃饭,,,吃惊、小吃
[1.06] 妈,妈,"mā, ma",妈妈,,,
[1.06] 很,很,hěn,很,,,
[1.06] 怎,怎,zěn,怎么、怎么样,,怎么办,
[1.06] 菜,菜,cài,菜,,菜单,
[1.06] 说,说,shuō,说,说话,听说、一般来说,小说、说明
[1.06] 读,读,dú,读,,,阅读
[1.07] 书,书,shū,书,,秘书、图书馆,
[1.07] 去,去,qù,去,去年,过去,
[1.07] 号,号,hào,号,,,号码
[1.07] 天,天,tiān,今天、明天、昨天、天气,,每天、春(天)、夏(天)、聊天(儿)、冬(天)、秋(天),礼拜天
[1.07] 明,明,"míng, ming",明天,,周明、聪明、小明、明白,说明、证明
[1.07] 星,星,xīng,星期,,,星星
[1.07] 昨,昨,zuó,昨天,,,
[1.07] 期,期,qī,星期,,,长期、学期
[1.07] 校,校,xiào,学校,,校长,校园
[1.07] 看,看,kàn,看、看见,,,看法
[1.07] 请,请,qǐng,请,,请假,邀请、申请
[1.07] 问,问,wèn,问,问题,,
[1.08] 下,下,xià,下午、下、下面、下雨,一下,,
[1.08] 个,个,gè,个,,个子,
[1.08] 买,买,mǎi,买,,,购买
[1.08] 午,午,wǔ,下午、中午、上午,,,
[1.08] 商,商,shāng,商店,,,商场、商量
[1.08] 喝,喝,hē,喝,,,
[1.08] 块,块,kuài,块,,,
[1.08] 子,子,"zi, zǐ",杯子、儿子、椅子、桌子,孩子、妻子,裤子、裙子、房子、个子、电子邮件、筷子、瓶子、盘子、句子、鼻子、帽子,镜子、样子、袜子、肚子、勺（子）、叶子、袋（子）、盒子、孙子、小伙子、例子、包子、饺子
[1.08] 少,少,shǎo,多少、少、不少,,,缺少、至少、减少
[1.08] 店,店,diàn,商店、饭店,,,理发店
[1.08] 想,想,xiǎng,想,,,理想
[1.08] 杯,杯,bēi,杯子,,,干杯
[1.08] 米,米,mǐ,米饭,米,,
[1.08] 茶,茶,chá,茶,,,凉茶
[1.08] 这,这,zhè,这、这儿、这些,,,
[1.08] 那,那,nà,那、那儿,,,
[1.08] 钱,钱,"qián, qian",钱,,钱包,价钱、零钱
[1.08] 饭,饭,fàn,米饭、吃饭、饭店,,,
[1.09] 作,作,zuò,工作,,作业,动作、作家、作用、作者
[1.09] 医,医,yī,医生、医院,,,
[1.09] 在,在,zài,在、现在,正在,,实在
[1.09] 小,小,xiǎo,小、小姐,小时,小刚、小丽、小心、李小美、小明、小云,小雨、小说、小朋友、小伙子、小区、小吃
[1.09] 工,工,gōng,工作,,,工资
[1.09] 椅,椅,yǐ,椅子,,,
[1.09] 爸,爸,"bà, ba",爸爸,,,
[1.09] 狗,狗,gǒu,狗,,,
[1.09] 猫,猫,māo,猫,,熊猫,
[1.09] 院,院,yuàn,医院,出院,,
[1.09] 面,面,"miàn, mian",下面、后面、前面,外面、面条,面包、见面,面试、方面、面对、对面
[1.10] 上,上,"shàng, shang",上、上午,早上、晚上、上班,马上、上网,上海
[1.10] 前,前,qián,前面、前,,以前,提前
[1.10] 后,后,hòu,后面,以后,最后、然后、后来,后悔
[1.10] 和,和,"hé, huo",和,,,暖和
[1.10] 坐,坐,zuò,坐,,,乘坐
[1.10] 方,方,"fāng, fang",王方,,北方、南(方)、地方、方便,方法、方面、方向、方式
[1.10] 本,本,běn,本,,笔记本(电脑),本来
[1.10] 桌,桌,zhuō,桌子,,,
[1.10] 王,王,wáng,王方,,,王静、王、王红
[1.10] 电,电,diàn,电脑、电影、打电话、电视,,电梯、笔记本(电脑)、电子邮件,
[1.10] 能,能,néng,能,可能,,能力
[1.10] 脑,脑,nǎo,电脑,,笔记本(电脑),
[1.10] 里,里,lǐ,里,,哪里,公里
[1.11] 京,京,jīng,北京,,,京剧
[1.11] 住,住,zhù,住,,,
[1.11] 候,候,"hou, hòu",时候,,到时候,气候
[1.11] 分,分,"fēn, fen",分、分钟,,,百分之、部分、十分
[1.11] 北,北,běi,北京,,北方,
[1.11] 回,回,huí,回、回来,,回答,回忆
[1.11] 影,影,yǐng,电影,,影响,
[1.11] 时,时,shí,时候,时间、小时,到时候,及时、平时、准时、按时、当时、暂时、同时
[1.11] 点,点,diǎn,点、一点儿,,有点儿、特点,缺点、优点、重点、地点
[1.11] 现,现,xiàn,现在,,发现,现金、出现
[1.12] 些,些,xiē,些、这些,,,
[1.12] 体,体,tǐ,身体,,体育,体育馆
[1.12] 冷,冷,lěng,冷,,,制冷、冷静
[1.12] 太,太,"tài, tai",太、太……了,,太太、太阳,
[1.12] 姐,姐,"jie, jiě",小姐,姐姐,,
[1.12] 来,来,lái,来、回来,,起来、后来、一般来说,从来、本来、原来、来不及、将来、来得及、来自
[1.12] 果,果,guǒ,水果、苹果,,如果,效果、果汁、结果
[1.12] 样,样,yàng,怎么样,,一样,样子、同样
[1.12] 水,水,shuǐ,水、水果,,水平,矿泉水
[1.12] 热,热,rè,热,,热情,热闹
[1.12] 爱,爱,ài,爱,,可爱、爱好,爱情、爱迪生
[1.12] 身,身,shēn,身体,,,身边
[1.12] 雨,雨,yǔ,下雨、雨,,,小雨
[1.13] 也,也,yě,也,,,也许
[1.13] 习,习,xí,学习,,复习、习惯、练习,预习
[1.13] 卫,卫,wèi,大卫,,,卫生间
[1.13] 吧,吧,ba,吧,,,
[1.13] 喂,喂,wèi,喂,,,
[1.13] 喜,喜,xǐ,喜欢,,,
[1.13] 打,打,dǎ,打电话,打篮球,打算、打扫、打,打折、打扰、打针、打印、打招呼、打扮
[1.13] 欢,欢,"huan, huān",喜欢,欢迎,,
[1.13] 睡,睡,shuì,睡觉,,睡着,
[1.13] 给,给,gěi,给,,,
[1.13] 视,视,shì,电视,,,重视
[1.13] 觉,觉,"jué, jiào",睡觉,觉得,,感觉
[1.13] 话,话,huà,打电话,说话,,对话、普通话、笑话
[1.14] 东,东,dōng,东西,,东,广东省、房东
[1.14] 亮,亮,"liàng, liang",漂亮,,月亮,亮
[1.14] 先,先,xiān,先生,,先,首先
[1.14] 啊,啊,a,啊,,,
[1.14] 开,开,kāi,开,开始,离开,开玩笑、开心
[1.14] 张,张,zhāng,张,,,张远、紧张
[1.14] 服,服,"fú, fu",衣服,服务员,舒服,
[1.14] 漂,漂,piào,漂亮,,,
[1.14] 苹,苹,píng,苹果,,,
[1.14] 衣,衣,yī,衣服,,,
[1.14] 西,西,"xi, xī",东西,西瓜,西,西红柿
[1.14] 车,车,chē,车、出租车,自行车、公共汽车、火车站,,堵车
[1.14] 都,都,"dōu, dū",都,,,首都、首都机场
[1.14] 钟,钟,zhōng,分钟,,,闹钟
[1.15] 兴,兴,"xìng, xīng",高兴,,感兴趣,兴奋、兴趣
[1.15] 出,出,chū,出租车,出、出院,,出现、演出、出差、出生、出发
[1.15] 听,听,tīng,听,,听说,
[1.15] 机,机,jī,飞机,机场、手机,司机、机会、照相机,登机牌、首都机场
[1.15] 租,租,zū,出租车,,,租
[1.15] 认,认,rèn,认识,,认真、认为、认,
[1.15] 识,识,shi,认识,,,知识
[1.15] 飞,飞,fēi,飞机,,起飞,
[1.15] 高,高,gāo,高兴,高,提高,高速公路
[2.01] 为,为,"wèi, wéi",,为什么、因为,为、认为、为了,以为、成为
[2.01] 动,动,dòng,,运动,动物,感动、活动、动作、激动
[2.01] 它,它,tā,,它,,
[2.01] 得,得,"de, dé",,觉得、得,记得,不得不、获得、值得、得到、来得及、得意
[2.01] 新,新,xīn,,新、新年,新鲜、新闻,新鲜感、重新
[2.01] 旅,旅,lǚ,,旅游,,旅行
[2.01] 最,最,zuì,,最,最近、最后,最好
[2.01] 游,游,yóu,,旅游、游泳,游戏,春游、导游
[2.01] 球,球,qiú,,踢足球、打篮球,,网球、地球、乒乓球、羽毛球
[2.01] 眼,眼,yǎn,,眼睛,眼镜,
[2.01] 睛,睛,jing,,眼睛,,
[2.01] 花,花,huā,,花花,花、鲜花,
[2.01] 要,要,"yào, yāo",,要,重要、主要、需要、要求,要是、只要
[2.01] 足,足,zú,,踢足球,,
[2.01] 踢,踢,tī,,踢足球,,
[2.01] 运,运,yùn,,运动,,
[2.02] 休,休,xiū,,休息,,
[2.02] 床,床,chuáng,,起床,,
[2.02] 忙,忙,máng,,忙,帮忙,
[2.02] 息,息,"xi, xī",,休息,,消息、信息
[2.02] 早,早,zǎo,,早上,早,
[2.02] 步,步,bù,,跑步,,散步
[2.02] 每,每,měi,,每,每天,
[2.02] 病,病,bìng,,生病,,
[2.02] 知,知,zhī,,知道,,通知、知识
[2.02] 药,药,yào,,药,,
[2.02] 跑,跑,pǎo,,跑步,,
[2.02] 道,道,"dào, dao",,知道,街道,味道、难道、道歉
[2.02] 间,间,jiān,,时间、房间,洗手间、中间,卫生间
[2.03] 丈,丈,zhàng,,丈夫,,
[2.03] 千,千,qiān,,千,,千万
[2.03] 夫,夫,fu,,丈夫,,大夫、功夫
[2.03] 奶,奶,"nǎi, nai",,牛奶,奶奶,
[2.03] 左,左,zuǒ,,左边,,左右
[2.03] 房,房,fáng,,房间,房子,厨房、房东
[2.03] 手,手,shǒu,,手表、手机、手,洗手间,
[2.03] 报,报,bào,,报纸,,报名
[2.03] 旁,旁,páng,,旁边,,
[2.03] 牛,牛,niú,,牛奶,,
[2.03] 真,真,zhēn,,真,认真、真正,传真
[2.03] 粉,粉,fěn,,粉色、粉,,
[2.03] 红,红,hóng,,红、红色,红酒,西红柿、王红
[2.03] 纸,纸,zhǐ,,报纸,,纸、纸袋
[2.03] 色,色,sè,,颜色、粉色、红色,,景色
[2.03] 表,表,biǎo,,手表,,表示、表演、表扬、表格、代表、表
[2.03] 边,边,"biān, bian",,旁边、左边、右边,一边,身边
[2.03] 送,送,sòng,,送,,
[2.03] 颜,颜,yán,,颜色,,
[2.04] 两,两,liǎng,,两,,
[2.04] 乐,乐,"lè, yuè",,快乐,音乐、音乐会、可乐,
[2.04] 介,介,jiè,,介绍,中介,
[2.04] 始,始,shǐ,,开始,,
[2.04] 已,已,yǐ,,已经,,
[2.04] 帮,帮,bāng,,帮、帮助,帮忙,
[2.04] 常,常,cháng,,非常、经常,,正常
[2.04] 快,快,"kuài, kuai",,快乐、快,,愉快、凉快
[2.04] 接,接,jiē,,接,,接受、直接、接着
[2.04] 日,日,rì,,生日、日,节日,日记
[2.04] 晚,晚,wǎn,,晚上,,
[2.04] 绍,绍,shào,,介绍,,
[2.04] 经,经,jīng,,已经、经常,经理、经过,经验、经历、经济
[2.04] 长,长,"zhǎng, cháng",,长,校长,长期、长城、增长、长江、长江大桥
[2.04] 非,非,fēi,,非常,,
[2.05] 以,以,yǐ,,可以、以后、所以,以前,以为、以
[2.05] 件,件,jiàn,,件,电子邮件,条件
[2.05] 准,准,zhǔn,,准备,,准时、标准、准确
[2.05] 可,可,kě,,可以、可能,可乐、可爱,可是、可惜、可怜
[2.05] 咖,咖,kā,,咖啡,,
[2.05] 啡,啡,fēi,,咖啡,,
[2.05] 备,备,bèi,,准备,,
[2.05] 外,外,wài,,外面、外,外地,另外
[2.05] 就,就,jiù,,就,,
[2.05] 思,思,si,,意思、有意思,,
[2.05] 意,意,"yì, yi",,意思、有意思,满意、愿意、注意、同意,生意、主意、意见、得意、故意
[2.05] 考,考,kǎo,,考试,,考虑
[2.05] 试,试,shì,,考试,试,笔试、面试
[2.05] 还,还,hái,,还,还是,
[2.05] 错,错,cuò,,不错、错,,错误
[2.05] 鱼,鱼,yú,,鱼,,美人鱼
[2.06] 公,公,gōng,,公斤、公共汽车、公司,办公室、公园,公里、高速公路
[2.06] 因,因,yīn,,因为,,原因、因此
[2.06] 所,所,suǒ,,所以,,所有、厕所
[2.06] 斤,斤,jīn,,公斤,,
[2.06] 条,条,tiáo,,面条,条,条件
[2.06] 泳,泳,yǒng,,游泳,,
[2.06] 篮,篮,lán,,打篮球,,
[2.06] 羊,羊,yáng,,羊肉,,
[2.06] 肉,肉,ròu,,羊肉,,
[2.06] 自,自,zì,,自行车,自己,自然、来自、自信
[2.06] 行,行,"xíng, háng",,自行车,银行、行李箱、举行,流行、进行、行、旅行
[2.06] 门,门,mén,,门,,专门
[2.07] 共,共,"gòng, gōng",,公共汽车,一共,共同
[2.07] 到,到,dào,,到,迟到、到时候、遇到,感到、受到、到处、得到、达到、到底
[2.07] 司,司,sī,,公司,司机,
[2.07] 场,场,chǎng,,机场,,商场、场、首都机场
[2.07] 室,室,shì,,教室,办公室,
[2.07] 慢,慢,màn,,慢,,
[2.07] 教,教,jiào,,教室,教,教授、教育
[2.07] 汽,汽,qì,,公共汽车,,
[2.07] 离,离,lí,,离,离开,距离
[2.07] 走,走,zǒu,,走,,
[2.07] 路,路,lù,,路、路口,,迷路、高速公路
[2.07] 过,过,guò,,过,过去、经过、难过,超过、过程、通过、不过
[2.07] 远,远,yuǎn,,远,,张远、永远
[2.08] 事,事,shì,,事情,办事、同事、故事,事半功倍
[2.08] 务,务,"wu, wù",,服务员,,任务
[2.08] 告,告,gào,,告诉,,广告
[2.08] 员,员,yuán,,服务员,,售货员、会员卡、演员
[2.08] 情,情,"qíng, qing",,事情,热情、情况,爱情、感情、心情、同情
[2.08] 找,找,zhǎo,,找,,
[2.08] 白,白,"bái, bai",,白,明白,
[2.08] 等,等,děng,,等,,
[2.08] 让,让,ràng,,让,,
[2.08] 诉,诉,su,,告诉,,
[2.08] 贵,贵,guì,,贵,,
[2.08] 黑,黑,hēi,,黑,黑板,
[2.09] 从,从,cóng,,从,,从来
[2.09] 完,完,wán,,完,完成,完全
[2.09] 希,希,xī,,希望,,
[2.09] 懂,懂,dǒng,,懂,,
[2.09] 望,望,wàng,,希望,,失望
[2.09] 班,班,bān,,上班、班,,加班、航班
[2.09] 第,第,dì,,第一,,
[2.09] 舞,舞,wǔ,,跳舞,歌舞,舞蹈
[2.09] 跳,跳,tiào,,跳舞,,
[2.09] 迎,迎,yíng,,欢迎,,
[2.09] 题,题,tí,,题、问题,,
[2.10] 别,别,bié,,别,特别、别人,区别、性别
[2.10] 助,助,zhù,,帮助,,
[2.10] 哥,哥,"gē, ge",,哥哥,,
[2.10] 正,正,zhèng,,正在,真正,正好、正式、正确、正常
[2.10] 洗,洗,xǐ,,洗,洗手间、洗澡,
[2.10] 瓜,瓜,guā,,西瓜,香瓜,
[2.10] 蛋,蛋,dàn,,鸡蛋,蛋糕,
[2.10] 课,课,kè,,课,,
[2.10] 鸡,鸡,jī,,鸡蛋,,
[2.11] 便,便,biàn,,便宜,方便,顺便、随便
[2.11] 右,右,yòu,,右边,,左右
[2.11] 唱,唱,chàng,,唱歌,,
[2.11] 姓,姓,xìng,,姓,,
[2.11] 孩,孩,hái,,孩子,女孩儿,
[2.11] 宜,宜,yi,,便宜,,
[2.11] 歌,歌,gē,,唱歌,歌舞,
[2.11] 比,比,bǐ,,比,比赛、比较,比如
[2.11] 男,男,nán,,男,,
[2.12] 妻,妻,qī,,妻子,,
[2.12] 度,度,"dù, du",,度,,态度、速度、温度
[2.12] 弟,弟,"dì, di",,弟弟,,
[2.12] 穿,穿,chuān,,穿,,
[2.12] 近,近,jìn,,近,最近、附近,
[2.12] 进,进,jìn,,进,,李进、进行
[2.12] 雪,雪,xuě,,雪,,
[2.12] 零,零,líng,,零,,零钱
[2.13] 宾,宾,bīn,,宾馆,,
[2.13] 往,往,wǎng,,往,,往往
[2.13] 拿,拿,ná,,拿,,
[2.13] 杨,杨,yáng,,杨笑笑,,
[2.13] 直,直,zhí,,一直,,直接
[2.13] 着,着,"zhe, zháo",,着,着急、睡着,随着、接着
[2.13] 笑,笑,xiào,,笑、杨笑笑,,开玩笑、笑话
[2.13] 笔,笔,bǐ,,铅笔,笔记本(电脑),笔试、笔记
[2.13] 铅,铅,qiān,,铅笔,,
[2.13] 馆,馆,guǎn,,宾馆,图书馆,体育馆、大使馆
[2.14] 但,但,dàn,,但是,不但……而且……,
[2.14] 晴,晴,qíng,,晴,,
[2.14] 次,次,cì,,次,,其次
[2.14] 然,然,rán,,虽然,当然、突然、然后,自然、竟然、然而、既然、仍然
[2.14] 玩,玩,wán,,玩儿,,开玩笑
[2.14] 百,百,bǎi,,百,,百分之
[2.14] 虽,虽,suī,,虽然,,
[2.15] 妹,妹,"mèi, mei",,妹妹,,
[2.15] 更,更,gèng,,更,,
[2.15] 火,火,huǒ,,火车站,,火
[2.15] 票,票,piào,,票,,
[2.15] 站,站,zhàn,,火车站,站,网站、加油站
[2.15] 阴,阴,yīn,,阴,,
[3.01] 业,业,yè,,,作业,毕业、专业、职业
[3.01] 丽,丽,lì,,,小丽,美丽
[3.01] 刚,刚,gāng,,,小刚、刚才、刚,
[3.01] 包,包,bāo,,,面包、包、钱包,包子
[3.01] 南,南,nán,,,南(方),
[3.01] 周,周,zhōu,,,周末、周、周明,周围
[3.01] 图,图,tú,,,地图、图书馆,
[3.01] 地,地,dì,,,地图、地方、地铁、外地,地球、地点、地址
[3.01] 复,复,fù,,,复习,复杂、复印
[3.01] 带,带,dài,,,带,
[3.01] 急,急,jí,,,着急,
[3.01] 戏,戏,xì,,,游戏,
[3.01] 搬,搬,bān,,,搬,
[3.01] 末,末,mò,,,周末,
[3.01] 算,算,suàn,,,打算,
[3.01] 跟,跟,gēn,,,跟,
[3.01] 阿,阿,ā,,,阿、阿姨,
[3.02] 伞,伞,sǎn,,,伞,
[3.02] 其,其,qí,,,其实、其他,其次、尤其、其中
[3.02] 办,办,bàn,,,办公室、办事、怎么办、办法,举办
[3.02] 实,实,shí,,,其实,诚实、实际、实在、确实
[3.02] 容,容,róng,,,容易,內容
[3.02] 把,把,bǎ,,,把,
[3.02] 易,易,yì,,,容易,
[3.02] 树,树,shù,,,树,
[3.02] 楼,楼,lóu,,,楼,
[3.02] 理,理,lǐ,,,经理,理解、修理、理想、管理、整理、理发、理发店
[3.02] 疼,疼,téng,,,疼,
[3.02] 瘦,瘦,shòu,,,瘦,
[3.02] 秘,秘,mì,,,秘书,
[3.02] 胖,胖,"pàng, pàn",,,胖,
[3.02] 脚,脚,jiǎo,,,脚,
[3.02] 腿,腿,tuǐ,,,腿,
[3.02] 辆,辆,liàng,,,辆,
[3.02] 难,难,"nán, nan",,,难、难过,困难、难道、难受
[3.03] 元,元,yuán,,,元,
[3.03] 又,又,yòu,,,又,
[3.03] 只,只,zhǐ,,,只、只有……オ……,只要、只好
[3.03] 山,山,shān,,,爬山、大山,香山
[3.03] 心,心,xīn,,,小心、担心、放心、关心,信心、耐心、伤心、心情、开心、粗心
[3.03] 或,或,huò,,,或者,
[3.03] 放,放,fàng,,,放、放心,放松、放弃、放暑假
[3.03] 料,料,liào,,,饮料,材料、塑料袋
[3.03] 爬,爬,pá,,,爬山,
[3.03] 甜,甜,tián,,,甜,
[3.03] 绿,绿,lǜ,,,绿,
[3.03] 者,者,zhě,,,或者,记者、作者
[3.03] 舒,舒,shū,,,舒服,
[3.03] 衫,衫,shān,,,衬衫,
[3.03] 衬,衬,chèn,,,衬衫,
[3.03] 裤,裤,kù,,,裤子,
[3.03] 记,记,jì,,,记得、笔记本(电脑)、忘记,笔记、记者、日记
[3.03] 饮,饮,yǐn,,,饮料,
[3.03] 鲜,鲜,xiān,,,新鲜、鲜花,新鲜感
[3.04] 克,克,kè,,,马克,巧克力
[3.04] 力,力,lì,,,努力,能力、巧克力、压力、力气
[3.04] 努,努,nǔ,,,努力,
[3.04] 市,市,shì,,,超市、城市,
[3.04] 总,总,zǒng,,,总是,总结
[3.04] 照,照,zhào,,,照片、照、照顾、护照、照相机,按照
[3.04] 片,片,piàn,,,照片,
[3.04] 答,答,dá,,,回答,答案
[3.04] 糕,糕,gāo,,,蛋糕,
[3.04] 级,级,jí,,,年级,
[3.04] 聪,聪,cōng,,,聪明,
[3.04] 角,角,jiǎo,,,角,
[3.04] 赛,赛,sài,,,比赛,
[3.04] 超,超,chāo,,,超市,超过
[3.04] 轻,轻,qīng,,,年轻,轻、轻松、减轻
[3.04] 饿,饿,è,,,饿,
[3.04] 马,马,mǎ,,,马克、马上、马,马虎
[3.05] 冒,冒,mào,,,感冒,
[3.05] 发,发,"fā, fa, fà",,,发烧、发现、发、头发,沙发、发生、发展、理发、理发店、出发
[3.05] 夏,夏,xià,,,夏(天),夏
[3.05] 季,季,jì,,,季节,
[3.05] 当,当,dāng,,,当然,当、当时
[3.05] 感,感,gǎn,,,感冒、感兴趣,感动、新鲜感、感到、感觉、感谢、感情
[3.05] 春,春,chūn,,,春(天)、春节,春游
[3.05] 烧,烧,shāo,,,发烧,
[3.05] 用,用,yòng,,,用、信用卡,使用、作用
[3.05] 节,节,jié,,,季节、节目、节日、春节、中秋节,节、节约、六一儿童节
[3.05] 草,草,cǎo,,,草,
[3.05] 裙,裙,qún,,,裙子,
[3.05] 越,越,yuè,,,越,
[3.05] 顾,顾,gù,,,照顾,顾客
[3.06] 园,园,yuán,,,公园,校园
[3.06] 才,才,cái,,,刚才,
[3.06] 楚,楚,chu,,,清楚,
[3.06] 清,清,qīng,,,清楚,
[3.06] 炼,炼,liàn,,,锻炼,
[3.06] 特,特,tè,,,特别、特点,奇特
[3.06] 突,突,tū,,,突然,
[3.06] 聊,聊,liáo,,,聊天(儿),无聊
[3.06] 讲,讲,jiǎng,,,讲,
[3.06] 锻,锻,duàn,,,锻炼,
[3.06] 镜,镜,jìng,,,眼镜,镜子
[3.06] 音,音,yīn,,,音乐、音乐会、声音,
[3.07] 久,久,jiǔ,,,久,
[3.07] 刻,刻,kè,,,刻,
[3.07] 半,半,bàn,,,半,事半功倍
[3.07] 婚,婚,hūn,,,结婚,
[3.07] 差,差,"chà, chā, chāi",,,差,差不多、出差
[3.07] 结,结,"jié, jiē",,,结婚、结束,结果、总结
[3.07] 趣,趣,qù,,,感兴趣,兴趣、有趣
[3.07] 迟,迟,chí,,,迟到,推迟
[3.07] 银,银,yín,,,银行,
[3.08] 乎,乎,hū,,,几乎,
[3.08] 健,健,jiàn,,,健康,
[3.08] 化,化,huà,,,变化、文化,
[3.08] 变,变,biàn,,,变化、变,改变
[3.08] 安,安,ān,,,安静,安排、安娜、安全
[3.08] 害,害,"hài, hai",,,害怕,厉害、害羞
[3.08] 层,层,céng,,,层,
[3.08] 康,康,kāng,,,健康,
[3.08] 怕,怕,pà,,,害怕,恐怕
[3.08] 梯,梯,tī,,,电梯,
[3.08] 满,满,mǎn,,,满意,满
[3.08] 熊,熊,xióng,,,熊猫,
[3.08] 重,重,"zhòng, chóng",,,重要,重新、严重、重、重点、重视、尊重
[3.08] 静,静,jìng,,,安静、李静,王静、冷静
[3.09] 加,加,jiā,,,参加,加班、加、增加、加油站、加油
[3.09] 参,参,cān,,,参加,参观
[3.09] 响,响,xiǎng,,,影响,响
[3.09] 定,定,dìng,,,一定、决定,肯定、规定
[3.09] 担,担,dān,,,担心,
[3.09] 文,文,wén,,,中文、文化,文章
[3.09] 解,解,jiě,,,了解、解决,理解、解释
[3.09] 较,较,jiào,,,比较,
[3.10] 主,主,zhǔ,,,主要,主意
[3.10] 历,历,lì,,,历史,经历
[3.10] 史,史,shǐ,,,历史,
[3.10] 境,境,jìng,,,环境,
[3.10] 换,换,huàn,,,换,
[3.10] 数,数,shù,,,数学,数字、数、数量
[3.10] 旧,旧,jiù,,,旧,
[3.10] 环,环,huán,,,环境,环保
[3.10] 矮,矮,ǎi,,,矮,
[3.10] 育,育,yù,,,体育,体育馆、教育
[3.10] 附,附,fù,,,附近,
[3.10] 骑,骑,qí,,,骑,
[3.11] 借,借,jiè,,,借,
[3.11] 典,典,diǎn,,,词典,
[3.11] 双,双,shuāng,,,双,
[3.11] 啤,啤,pí,,,啤酒,
[3.11] 忘,忘,wàng,,,忘记,
[3.11] 惯,惯,guàn,,,习惯,
[3.11] 束,束,shù,,,结束,
[3.11] 灯,灯,dēng,,,灯,
[3.11] 瓶,瓶,píng,,,瓶子,
[3.11] 空,空,"kōng, kòng",,,空调,空气、空儿、填空、空
[3.11] 筷,筷,kuài,,,筷子,
[3.11] 议,议,yì,,,会议,建议
[3.11] 词,词,cí,,,词典、词语,
[3.11] 调,调,"diào, tiáo",,,空调,调查
[3.11] 邮,邮,yóu,,,电子邮件,邮局
[3.11] 酒,酒,jiǔ,,,啤酒、红酒,
[3.11] 铁,铁,tiě,,,地铁,
[3.12] 己,己,jǐ,,,自己,
[3.12] 护,护,hù,,,护照,保护、护士
[3.12] 板,板,bǎn,,,黑板,
[3.12] 画,画,huà,,,画,
[3.12] 箱,箱,xiāng,,,行李箱、冰箱,
[3.12] 阳,阳,yáng,,,太阳,阳光
[3.12] 需,需,xū,,,需要,
[3.13] 于,于,yú,,,终于、关于,由于、对于、于是
[3.13] 坏,坏,huài,,,坏,
[3.13] 应,应,"yīng, yìng",,,应该,适应、应聘
[3.13] 愿,愿,yuàn,,,愿意,
[3.13] 活,活,huó,,,生活,活动、活泼
[3.13] 爷,爷,"ye, yé",,,爷爷,
[3.13] 物,物,wù,,,礼物、动物,购物、植物
[3.13] 礼,礼,lǐ,,,礼物,礼拜天、礼貌
[3.13] 终,终,zhōng,,,终于,
[3.13] 般,般,bān,,,一般、一般来说,
[3.13] 该,该,gāi,,,应该,
[3.13] 遇,遇,yù,,,遇到,
[3.14] 像,像,xiàng,,,像,好像
[3.14] 冰,冰,bīng,,,冰箱,
[3.14] 净,净,jìng,,,干净,
[3.14] 刮,刮,guā,,,刮风,
[3.14] 单,单,dān,,,菜单、简单,
[3.14] 叔,叔,"shū, shu",,,叔叔,
[3.14] 声,声,shēng,,,声音,
[3.14] 姨,姨,yí,,,阿姨,
[3.14] 干,干,"gàn, gān, àn",,,干净,饼干、干、干杯
[3.14] 扫,扫,sǎo,,,打扫,
[3.14] 故,故,gù,,,故事,故意
[3.14] 澡,澡,zǎo,,,洗澡,
[3.14] 盘,盘,pán,,,盘子,
[3.14] 目,目,mù,,,节目,目的
[3.14] 简,简,jiǎn,,,简单,
[3.14] 蕉,蕉,jiāo,,,香蕉,
[3.14] 风,风,fēng,,,刮风,风景
[3.14] 香,香,xiāng,,,香蕉、香瓜,香山、香
[3.15] 世,世,shì,,,世界,世纪
[3.15] 举,举,jǔ,,,举行,举办、举
[3.15] 云,云,yún,,,小云,云
[3.15] 句,句,jù,,,句子、句,
[3.15] 各,各,gè,,,各,
[3.15] 平,平,píng,,,水平,平时
[3.15] 成,成,chéng,,,完成、成绩,成功、成、成为、养成
[3.15] 提,提,tí,,,提高,提供、提、提前、提醒
[3.15] 极,极,jí,,,极(了),积极、极了
[3.15] 求,求,qiú,,,要求,
[3.15] 注,注,zhù,,,注意,关注
[3.15] 界,界,jiè,,,世界,
[3.15] 留,留,liú,,,留学,留
[3.15] 秋,秋,qiū,,,中秋节、秋(天),
[3.15] 练,练,liàn,,,练习,
[3.15] 网,网,wǎng,,,上网,网球、互联网、网站
[3.15] 街,街,jiē,,,街道,街
[3.15] 闻,闻,wén,,,新闻,
[3.15] 除,除,chú,,,除了,
[3.16] 刷,刷,shuā,,,刷牙,牙刷
[3.16] 城,城,chéng,,,城市,长城
[3.16] 头,头,tóu,,,头发,
[3.16] 如,如,rú,,,如果,例如、比如
[3.16] 帽,帽,mào,,,帽子,
[3.16] 查,查,chá,,,检查,调查
[3.16] 检,检,jiǎn,,,检查,
[3.16] 牙,牙,yá,,,刷牙,牙膏、牙刷
[3.16] 皮,皮,pí,,,皮鞋,皮肤、橡皮
[3.16] 鞋,鞋,xié,,,皮鞋,
[3.16] 鼻,鼻,bí,,,鼻子,
[3.17] 假,假,"jiǎ, jià",,,请假,寒假、假、放暑假
[3.17] 冬,冬,dōng,,,冬(天),
[3.17] 决,决,jué,,,决定、解决,
[3.17] 况,况,kuàng,,,情况,
[3.17] 居,居,jū,,,邻居,
[3.17] 必,必,bì,,,必须,
[3.17] 择,择,zé,,,选择,
[3.17] 据,据,jù,,,根据,
[3.17] 根,根,gēn,,,根据,
[3.17] 法,法,fǎ,,,办法,法律、方法、看法、语法、无法
[3.17] 渴,渴,kě,,,渴,
[3.17] 选,选,xuǎn,,,选择,
[3.17] 邻,邻,lín,,,邻居,
[3.17] 须,须,xū,,,必须,
[3.17] 饱,饱,bǎo,,,饱,
[3.18] 万,万,wàn,,,万,千万
[3.18] 且,且,qiě,,,不但……而且……,并且
[3.18] 信,信,xìn,,,相信、信用卡,短信、信心、自信、信、信封、信息
[3.18] 向,向,xiàng,,,向,方向
[3.18] 嘴,嘴,zuǐ,,,嘴,
[3.18] 奇,奇,qí,,,奇怪,奇特
[3.18] 怪,怪,guài,,,奇怪,怪
[3.18] 段,段,duàn,,,段,
[3.18] 相,相,"xiāng, xiàng",,,相信、照相机,互相、相同、相反
[3.18] 种,种,zhǒng,,,种,
[3.18] 而,而,ér,,,不但……而且……,而、然而
[3.19] 位,位,wèi,,,位,座位
[3.19] 哭,哭,kū,,,哭,
[3.19] 朵,朵,duo,,,耳朵,
[3.19] 河,河,,,,黄河,
[3.19] 短,短,duǎn,,,短,短信
[3.19] 耳,耳,ěr,,,耳朵,
[3.19] 脸,脸,liǎn,,,脸,
[3.19] 船,船,chuán,,,船,
[3.19] 蓝,蓝,lán,,,蓝,
[3.19] 鸟,鸟,niǎo,,,鸟,
[3.19] 黄,黄,,,,黄河,
[3.20] オ,オ,,,,只有……オ……,
[3.20] 卡,卡,kǎ,,,信用卡,会员卡
[3.20] 碗,碗,wǎn,,,碗,
[3.20] 绩,绩,,,,成绩,
[3.20] 被,被,bèi,,,被,
[4.01] 互,互,hù,,,,互相、互联网
[4.01] 仅,仅,jǐn,,,,不仅
[4.01] 使,使,shǐ,,,,即使、大使馆、使、使用
[4.01] 俩,俩,liǎ,,,,俩
[4.01] 印,印,"yìn, yì",,,,印象、打印、复印
[4.01] 即,即,jí,,,,即使
[4.01] 原,原,yuán,,,,原因、原来、原谅
[4.01] 受,受,"shòu, dào",,,,接受、受到、受、难受、受不了
[4.01] 合,合,hé,,,,适合、符合、合适、合格
[4.01] 吸,吸,xī,,,,吸引
[4.01] 够,够,gòu,,,,够
[4.01] 孙,孙,sūn,,,,孙月、孙子
[4.01] 幸,幸,xìng,,,,幸福
[4.01] 幽,幽,yōu,,,,幽默
[4.01] 引,引,yǐn,,,,吸引、引起
[4.01] 律,律,lǜ,,,,法律、律师
[4.01] 性,性,xìng,,,,性格、女性、性别
[4.01] 悉,悉,xī,,,,熟悉
[4.01] 慕,慕,mù,,,,羡慕
[4.01] 普,普,pǔ,,,,普通、普遍、普通话
[4.01] 格,格,gé,,,,性格、价格、表格、严格、合格
[4.01] 浪,浪,làng,,,,浪漫、浪费
[4.01] 深,深,shēn,,,,深
[4.01] 漫,漫,màn,,,,浪漫
[4.01] 熟,熟,shú,,,,熟悉
[4.01] 祝,祝,zhù,,,,祝、祝贺
[4.01] 福,福,fú,,,,幸福
[4.01] 缺,缺,quē,,,,缺点、缺少
[4.01] 羡,羡,xiàn,,,,羡慕
[4.01] 脾,脾,pí,,,,脾气
[4.01] 象,象,xiàng,,,,印象
[4.01] 适,适,shì,,,,适合、适应、合适
[4.01] 通,通,tōng,,,,普通、通知、通过、交通、普通话
[4.01] 默,默,mò,,,,幽默
[4.02] 专,专,zhuān,,,,专门、专业
[4.02] 丰,丰,fēng,,,,丰富
[4.02] 交,交,jiāo,,,,交、交流、交通
[4.02] 却,却,què,,,,却
[4.02] 厌,厌,yàn,,,,讨厌
[4.02] 及,及,jí,,,,及时、来不及、来得及
[4.02] 困,困,kùn,,,,困难、困
[4.02] 围,围,wéi,,,,周围
[4.02] 富,富,fù,,,,丰富、富
[4.02] 尽,尽,jǐn,,,,尽管
[4.02] 无,无,wú,,,,无聊、无论、无、无法
[4.02] 林,林,lín,,,,林、森林
[4.02] 毕,毕,bì,,,,毕业
[4.02] 流,流,liú,,,,交流、流行、流血、流利
[4.02] 海,海,hǎi,,,,上海、海洋、海
[4.02] 烦,烦,"fán, fan",,,,麻烦、烦恼
[4.02] 管,管,guǎn,,,,尽管、不管、管理
[4.02] 联,联,lián,,,,联系、互联网
[4.02] 聚,聚,jù,,,,聚会
[4.02] 讨,讨,tǎo,,,,讨厌、讨论
[4.02] 谊,谊,yì,,,,友谊
[4.02] 逛,逛,guàng,,,,逛
[4.02] 陪,陪,péi,,,,陪
[4.02] 麻,麻,má,,,,麻烦
[4.03] 与,与,yǔ,,,,与
[4.03] 供,供,gōng,,,,提供
[4.03] 入,入,rù,,,,收入、入口
[4.03] 判,判,pàn,,,,判断
[4.03] 另,另,lìng,,,,另外、另
[4.03] 咱,咱,"zán, zá",,,,咱们、咱
[4.03] 式,式,shì,,,,正式、方式
[4.03] 招,招,zhāo,,,,招聘、打招呼
[4.03] 挺,挺,tǐng,,,,挺
[4.03] 排,排,pái,,,,安排、排队、排列
[4.03] 收,收,shōu,,,,收入、收、收拾
[4.03] 改,改,gǎi,,,,改变、改
[4.03] 断,断,duàn,,,,判断
[4.03] 材,材,cái,,,,材料
[4.03] 符,符,fú,,,,符合
[4.03] 紧,紧,jǐn,,,,紧张
[4.03] 约,约,yuē,,,,约会、节约、大约、约
[4.03] 聘,聘,pìn,,,,应聘、招聘
[4.03] 诚,诚,chéng,,,,诚实
[4.03] 负,负,fù,,,,负责
[4.03] 责,责,zé,,,,负责、责任
[4.03] 首,首,shǒu,,,,首先、首都、首都机场
[4.04] 乱,乱,luàn,,,,乱
[4.04] 任,任,rèn,,,,责任、任何、任务
[4.04] 份,份,fèn,,,,份
[4.04] 保,保,bǎo,,,,保证、保、保护、环保
[4.04] 全,全,quán,,,,完全、全部、全、安全
[4.04] 切,切,qiè,,,,一切
[4.04] 划,划,huà,,,,计划
[4.04] 利,利,"lì, li",,,,顺利、流利
[4.04] 功,功,gōng,,,,成功、事半功倍、功夫
[4.04] 奖,奖,jiǎng,,,,奖金、奖
[4.04] 并,并,bìng,,,,并、并且
[4.04] 按,按,àn,,,,按时、按照、按
[4.04] 消,消,xiāo,,,,消息
[4.04] 甚,甚,shèn,,,,甚至
[4.04] 积,积,jī,,,,积累、积极
[4.04] 累,累,lěi,,,,积累
[4.04] 至,至,zhì,,,,甚至、至少
[4.04] 计,计,jì,,,,计划、估计
[4.04] 证,证,zhèng,,,,保证、证明、签证
[4.04] 谈,谈,tán,,,,谈
[4.04] 资,资,zī,,,,工资
[4.04] 赚,赚,zhuàn,,,,赚
[4.04] 醒,醒,xǐng,,,,提醒、醒
[4.04] 金,金,jīn,,,,奖金、现金
[4.04] 顺,顺,shùn,,,,顺利、顺便、顺序
[4.04] 验,验,yàn,,,,经验
[4.05] 价,价,jià,,,,价格、价钱
[4.05] 优,优,yōu,,,,优点、优秀
[4.05] 何,何,hé,,,,任何
[4.05] 光,光,guāng,,,,光、阳光
[4.05] 具,具,jù,,,,家具
[4.05] 制,制,zhì,,,,制冷
[4.05] 台,台,tái,,,,台
[4.05] 味,味,wèi,,,,味道
[4.05] 寄,寄,jì,,,,寄
[4.05] 尤,尤,yóu,,,,尤其
[4.05] 广,广,guǎng,,,,广告、广东省、广播
[4.05] 折,折,zhé,,,,打折、折
[4.05] 效,效,xiào,,,,效果、有效
[4.05] 术,术,shù,,,,艺术、技术
[4.05] 标,标,biāo,,,,标准
[4.05] 沙,沙,shā,,,,沙发
[4.05] 肯,肯,kěn,,,,肯定
[4.05] 艺,艺,yì,,,,艺术
[4.05] 萄,萄,,,,,葡萄
[4.05] 葡,葡,pú,,,,葡萄
[4.05] 虑,虑,lǜ,,,,考虑
[4.05] 质,质,zhì,,,,质量
[4.05] 购,购,gòu,,,,购物、购买、购
[4.05] 费,费,fèi,,,,浪费、免费
[4.05] 邀,邀,yāo,,,,邀请
[4.05] 量,量,"liàng, liang",,,,质量、商量、数量
[4.05] 际,际,jì,,,,实际、国际
[4.05] 龄,龄,líng,,,,年龄
[4.06] 之,之,zhī,,,,百分之、之
[4.06] 低,低,dī,,,,降低、低
[4.06] 例,例,lì,,,,例如、例子
[4.06] 修,修,xiū,,,,修理
[4.06] 倍,倍,bèi,,,,倍、事半功倍
[4.06] 值,值,zhí,,,,值得
[4.06] 免,免,miǎn,,,,免费
[4.06] 内,内,nèi,,,,内
[4.06] 售,售,shòu,,,,售货员
[4.06] 处,处,"chù, chu",,,,好处、处、到处
[4.06] 尝,尝,cháng,,,,尝
[4.06] 扰,扰,rǎo,,,,打扰
[4.06] 持,持,chí,,,,支持、坚持
[4.06] 支,支,zhī,,,,支持
[4.06] 柿,柿,shì,,,,西红柿
[4.06] 汁,汁,zhī,,,,果汁
[4.06] 竟,竟,jìng,,,,竟然、究竟
[4.06] 肤,肤,fū,,,,皮肤
[4.06] 获,获,huò,,,,获得
[4.06] 袜,袜,wà,,,,袜子
[4.06] 货,货,huò,,,,售货员、货
[4.06] 降,降,jiàng,,,,降低、降落
[4.07] 严,严,yán,,,,严重、严格
[4.07] 估,估,gū,,,,估计
[4.07] 减,减,jiǎn,,,,减肥、减、减轻、减少
[4.07] 反,反,fǎn,,,,反对、相反
[4.07] 咳,咳,ké,,,,咳嗽
[4.07] 嗽,嗽,sou,,,,咳嗽
[4.07] 帅,帅,shuài,,,,帅
[4.07] 恼,恼,nǎo,,,,烦恼
[4.07] 悔,悔,huǐ,,,,后悔
[4.07] 户,户,hu,,,,窗户
[4.07] 抽,抽,chōu,,,,抽烟
[4.07] 指,指,zhǐ,,,,指
[4.07] 授,授,shòu,,,,教授
[4.07] 掉,掉,diào,,,,掉
[4.07] 擦,擦,cā,,,,擦
[4.07] 散,散,sàn,,,,散步
[4.07] 既,既,jì,,,,既、既然
[4.07] 植,植,zhí,,,,植物
[4.07] 烟,烟,yān,,,,抽烟
[4.07] 研,研,yán,,,,研究
[4.07] 神,神,shén,,,,精神
[4.07] 究,究,jiū,,,,研究、究竟
[4.07] 窗,窗,chuāng,,,,窗户、窗
[4.07] 精,精,jīng,,,,精神、精彩
[4.07] 肚,肚,dù,,,,肚子
[4.07] 肥,肥,féi,,,,减肥
[4.07] 苦,苦,kǔ,,,,辛苦、苦
[4.07] 血,血,xuè,,,,流血
[4.07] 辛,辛,xīn,,,,辛苦
[4.08] 亲,亲,qīn,,,,亲戚、母亲、父亲
[4.08] 伤,伤,shāng,,,,伤心
[4.08] 傅,傅,fu,,,,师傅
[4.08] 压,压,yā,,,,压力
[4.08] 命,命,mìng,,,,生命
[4.08] 堵,堵,dǔ,,,,堵车、堵
[4.08] 巧,巧,qiǎo,,,,巧克力
[4.08] 忆,忆,yì,,,,回忆
[4.08] 态,态,tài,,,,态度
[4.08] 愉,愉,yú,,,,愉快
[4.08] 戚,戚,"qi, qī",,,,亲戚
[4.08] 景,景,jǐng,,,,景色、风景
[4.08] 松,松,sōng,,,,放松、轻松
[4.08] 此,此,cǐ,,,,因此
[4.08] 科,科,kē,,,,科学、科技
[4.08] 耐,耐,nài,,,,耐心
[4.08] 距,距,jù,,,,距离
[4.09] 勇,勇,yǒng,,,,勇敢
[4.09] 区,区,qū,,,,区别、郊区、小区
[4.09] 取,取,qǔ,,,,取
[4.09] 坚,坚,jiān,,,,坚持
[4.09] 失,失,shī,,,,失败、失望
[4.09] 弃,弃,qì,,,,放弃
[4.09] 敢,敢,gǎn,,,,勇敢、敢
[4.09] 暂,暂,zàn,,,,暂时
[4.09] 母,母,mǔ,,,,父母、母亲
[4.09] 汗,汗,hàn,,,,汗
[4.09] 父,父,fù,,,,父母、父亲
[4.09] 确,确,què,,,,正确、确实、准确
[4.09] 程,程,chéng,,,,过程
[4.09] 篇,篇,piān,,,,篇
[4.09] 许,许,xǔ,,,,许多、也许、允许
[4.09] 贏,贏,yíng,,,,贏
[4.09] 败,败,bài,,,,失败
[4.09] 迪,迪,dí,,,,爱迪生
[4.09] 随,随,suí,,,,随便、随着
[4.09] 餐,餐,cān,,,,餐、餐厅
[4.09] 饼,饼,bǐng,,,,饼干
[4.10] 士,士,"shì, shi",,,,硕士、护士、博士
[4.10] 奋,奋,fèn,,,,兴奋
[4.10] 将,将,jiāng,,,,将来
[4.10] 展,展,zhǎn,,,,发展
[4.10] 建,建,jiàn,,,,建议
[4.10] 拉,拉,lā,,,,拉
[4.10] 拜,拜,bài,,,,礼拜天
[4.10] 案,案,àn,,,,答案
[4.10] 橡,橡,xiàng,,,,橡皮
[4.10] 永,永,yǒng,,,,永远
[4.10] 济,济,jì,,,,经济
[4.10] 由,由,yóu,,,,由于、由
[4.10] 硕,硕,shuò,,,,硕士
[4.10] 秀,秀,xiù,,,,优秀
[4.10] 穷,穷,qióng,,,,穷
[4.10] 糖,糖,táng,,,,糖
[4.10] 翻,翻,fān,,,,翻译
[4.10] 职,职,zhí,,,,职业
[4.10] 译,译,yì,,,,翻译
[4.10] 躺,躺,tǎng,,,,躺
[4.10] 键,键,jiàn,,,,关键
[4.11] 內,內,nèi,,,,內容
[4.11] 养,养,yǎng,,,,养成、养
[4.11] 则,则,zé,,,,否则
[4.11] 厅,厅,tīng,,,,客厅、餐厅
[4.11] 厉,厉,lì,,,,厉害
[4.11] 否,否,fǒu,,,,否则、是否
[4.11] 填,填,tián,,,,填空、填
[4.11] 增,增,zēng,,,,增加、增、增长
[4.11] 序,序,xù,,,,顺序
[4.11] 彩,彩,cǎi,,,,精彩
[4.11] 志,志,zhì,,,,杂志
[4.11] 杂,杂,zá,,,,复杂、杂志
[4.11] 猜,猜,cāi,,,,猜
[4.11] 示,示,shì,,,,表示
[4.11] 章,章,zhāng,,,,文章
[4.11] 著,著,zhù,,,,著名
[4.11] 论,论,lùn,,,,无论、讨论
[4.11] 连,连,lián,,,,连
[4.11] 阅,阅,yuè,,,,阅读
[4.11] 限,限,xiàn,,,,有限
[4.11] 页,页,yè,,,,页
[4.12] 仔,仔,zǐ,,,,仔细
[4.12] 勺,勺,sháo,,,,勺（子）
[4.12] 叶,叶,yè,,,,叶子
[4.12] 惜,惜,xī,,,,可惜
[4.12] 死,死,sǐ,,,,死
[4.12] 盐,盐,yán,,,,盐
[4.12] 细,细,xì,,,,详细、仔细
[4.12] 规,规,guī,,,,规定
[4.12] 言,言,yán,,,,语言
[4.12] 详,详,xiáng,,,,详细
[4.12] 误,误,wù,,,,误会、错误
[4.12] 达,达,dá,,,,达到
[4.12] 部,部,bù,,,,全部、部分、部
[4.12] 释,释,shì,,,,解释
[4.13] 众,众,zhòng,,,,观众
[4.13] 偶,偶,ǒu,,,,偶尔
[4.13] 凉,凉,liáng,,,,凉茶、凉快
[4.13] 剧,剧,jù,,,,京剧
[4.13] 厚,厚,hòu,,,,厚
[4.13] 基,基,jī,,,,基础
[4.13] 尔,尔,ěr,,,,偶尔
[4.13] 微,微,wēi,,,,稍微
[4.13] 惊,惊,jīng,,,,吃惊
[4.13] 概,概,gài,,,,大概
[4.13] 演,演,yǎn,,,,表演、演出、演员
[4.13] 申,申,shēn,,,,申请
[4.13] 省,省,shěng,,,,省、广东省
[4.13] 础,础,chǔ,,,,基础
[4.13] 稍,稍,shāo,,,,稍微
[4.13] 继,继,jì,,,,继续
[4.13] 续,续,xù,,,,继续
[4.13] 袋,袋,dài,,,,纸袋、袋（子）、塑料袋
[4.13] 观,观,guān,,,,观众、参观
[4.13] 遍,遍,biàn,,,,遍、普遍
[4.14] 丟,丟,diū,,,,丟
[4.14] 乘,乘,chéng,,,,乘坐
[4.14] 停,停,tíng,,,,停
[4.14] 励,励,lì,,,,鼓励
[4.14] 圾,圾,jī,,,,垃圾桶、垃圾
[4.14] 垃,垃,lā,,,,垃圾桶、垃圾
[4.14] 塑,塑,sù,,,,塑料袋
[4.14] 巾,巾,jīn,,,,毛巾
[4.14] 扔,扔,rēng,,,,扔
[4.14] 抱,抱,bào,,,,抱歉、抱
[4.14] 拒,拒,jù,,,,拒绝
[4.14] 暖,暖,nuǎn,,,,暖、暖和
[4.14] 染,染,rǎn,,,,污染
[4.14] 桶,桶,tǒng,,,,垃圾桶
[4.14] 歉,歉,qiàn,,,,抱歉、道歉
[4.14] 毛,毛,máo,,,,毛巾、毛、羽毛球
[4.14] 污,污,wū,,,,污染
[4.14] 温,温,wēn,,,,温度、气温
[4.14] 盒,盒,hé,,,,盒子
[4.14] 绝,绝,jué,,,,拒绝
[4.14] 脏,脏,zàng,,,,脏
[4.14] 膏,膏,gāo,,,,牙膏
[4.14] 速,速,sù,,,,速度、高速公路
[4.14] 鼓,鼓,gǔ,,,,鼓励
[4.15] 傲,傲,ào,,,,骄傲
[4.15] 厕,厕,cè,,,,厕所
[4.15] 寒,寒,hán,,,,寒假
[4.15] 弄,弄,nòng,,,,弄
[4.15] 弹,弹,dàn,,,,弹钢琴
[4.15] 怀,怀,huái,,,,怀疑
[4.15] 懒,懒,lǎn,,,,懒
[4.15] 扬,扬,yáng,,,,表扬
[4.15] 批,批,"pī, pí",,,,批评
[4.15] 敲,敲,qiāo,,,,敲
[4.15] 整,整,zhěng,,,,整理
[4.15] 棒,棒,bàng,,,,棒
[4.15] 琴,琴,qín,,,,弹钢琴
[4.15] 疑,疑,yí,,,,怀疑
[4.15] 童,童,tóng,,,,儿童、六一儿童节
[4.15] 笨,笨,bèn,,,,笨
[4.15] 粗,粗,cū,,,,粗心
[4.15] 羞,羞,xiū,,,,害羞
[4.15] 评,评,píng,,,,批评
[4.15] 赶,赶,gǎn,,,,赶
[4.15] 针,针,zhēn,,,,打针
[4.15] 钢,钢,gāng,,,,弹钢琴
[4.15] 闹,闹,"nào, nao",,,,闹钟、热闹
[4.15] 骄,骄,jiāo,,,,骄傲
[4.15] 骗,骗,piàn,,,,骗
[4.16] 代,代,dài,,,,代表
[4.16] 伙,伙,huǒ,,,,小伙子
[4.16] 传,传,chuán,,,,传真
[4.16] 博,博,bó,,,,博士
[4.16] 呀,呀,ya,,,,呀
[4.16] 导,导,dǎo,,,,导游
[4.16] 尊,尊,zūn,,,,尊重
[4.16] 底,底,dǐ,,,,到底、底
[4.16] 恐,恐,kǒng,,,,恐怕
[4.16] 挂,挂,guà,,,,挂
[4.16] 推,推,tuī,,,,推、推迟
[4.16] 激,激,jī,,,,激动
[4.16] 码,码,mǎ,,,,号码、密码
[4.16] 签,签,qiān,,,,签证
[4.16] 虎,虎,"hǔ, hu",,,,马虎、老虎
[4.16] 谅,谅,liàng,,,,原谅
[4.16] 貌,貌,mào,,,,礼貌
[4.16] 输,输,shū,,,,输
[4.16] 郊,郊,jiāo,,,,郊区
[4.16] 预,预,yù,,,,预习
[4.17] 争,争,zhēng,,,,竞争
[4.17] 亚,亚,,,,,亚洲
[4.17] 仍,仍,réng,,,,仍然
[4.17] 倒,倒,dào,,,,倒
[4.17] 列,列,liè,,,,排列
[4.17] 剩,剩,shèng,,,,剩
[4.17] 娜,娜,nà,,,,安娜
[4.17] 播,播,bō,,,,广播
[4.17] 暑,暑,shǔ,,,,放暑假
[4.17] 梦,梦,mèng,,,,梦
[4.17] 森,森,sēn,,,,森林
[4.17] 泼,泼,po,,,,活泼
[4.17] 洋,洋,yáng,,,,海洋
[4.17] 洲,洲,zhōu,,,,亚洲
[4.17] 社,社,shè,,,,社会
[4.17] 竞,竞,jìng,,,,竞争
[4.17] 趟,趟,tàng,,,,趟
[4.17] 队,队,duì,,,,排队
[4.18] 付,付,fù,,,,付款
[4.18] 允,允,yǔn,,,,允许
[4.18] 危,危,wēi,,,,危险
[4.18] 咸,咸,xián,,,,咸
[4.18] 址,址,zhǐ,,,,地址
[4.18] 密,密,mì,,,,密码
[4.18] 察,察,chá,,,,警察
[4.18] 封,封,fēng,,,,信封
[4.18] 局,局,jú,,,,邮局
[4.18] 座,座,zuò,,,,座、座位
[4.18] 技,技,jì,,,,技术、科技
[4.18] 抓,抓,zhuā,,,,抓
[4.18] 桥,桥,qiáo,,,,桥、长江大桥
[4.18] 款,款,kuǎn,,,,付款
[4.18] 泉,泉,quán,,,,矿泉水
[4.18] 矿,矿,kuàng,,,,矿泉水
[4.18] 秒,秒,miǎo,,,,秒
[4.18] 纪,纪,jì,,,,世纪
[4.18] 落,落,luò,,,,降落
[4.18] 警,警,jǐng,,,,警察
[4.18] 迷,迷,mí,,,,迷路
[4.18] 险,险,xiǎn,,,,危险
[4.19] 乒,乒,pīng,,,,乒乓球
[4.19] 乓,乓,pāng,,,,乒乓球
[4.19] 刀,刀,dāo,,,,刀
[4.19] 占,占,zhàn,,,,占线
[4.19] 厨,厨,chú,,,,厨房
[4.19] 吵,吵,chǎo,,,,吵
[4.19] 呼,呼,hu,,,,打招呼
[4.19] 戴,戴,dài,,,,戴
[4.19] 抬,抬,tái,,,,抬
[4.19] 止,止,zhǐ,,,,禁止
[4.19] 破,破,pò,,,,破
[4.19] 禁,禁,jìn,,,,禁止
[4.19] 籍,籍,jí,,,,国籍
[4.19] 线,线,xiàn,,,,占线
[4.19] 羽,羽,yǔ,,,,羽毛球
[4.19] 胳,胳,gē,,,,胳膊
[4.19] 脱,脱,tuō,,,,脱
[4.19] 膊,膊,bo,,,,胳膊
[4.19] 蹈,蹈,dǎo,,,,舞蹈
[4.19] 转,转,zhuǎn,,,,转
[4.19] 饺,饺,jiǎo,,,,饺子
[4.20] 匙,匙,shi,,,,钥匙
[4.20] 存,存,cún,,,,存
[4.20] 怜,怜,lián,,,,可怜
[4.20] 扮,扮,ban,,,,打扮
[4.20] 拾,拾,shi,,,,收拾
[4.20] 族,族,zú,,,,民族
[4.20] 棵,棵,kē,,,,棵
[4.20] 民,民,mín,,,,民族
[4.20] 江,江,jiāng,,,,长江、长江大桥
[4.20] 汤,汤,tāng,,,,汤
[4.20] 油,油,yóu,,,,加油站、加油
[4.20] 烤,烤,kǎo,,,,烤鸭
[4.20] 牌,牌,pái,,,,登机牌
[4.20] 登,登,dēng,,,,登机牌
[4.20] 航,航,háng,,,,航班
[4.20] 贺,贺,hè,,,,祝贺
[4.20] 辣,辣,là,,,,辣
[4.20] 酸,酸,suān,,,,酸
[4.20] 钥,钥,yào,,,,钥匙
[4.20] 鸭,鸭,yā,,,,烤鸭
